{
  "phase": "6.1_capacity_and_correlation_audit",
  "global_diagnosis": "SCALABILITY_BOTTLENECK",
  "average_duplicate_signal_rejection_rate": 0.7614184397163122,
  "scaling_matrix": [
    {
      "tier_name": "TIER_10K",
      "initial_balance": 10000.0,
      "final_balance": 19757.533768398414,
      "trade_count": 281,
      "win_rate": 61.92170818505338,
      "profit_factor": 2.0846822991812806,
      "net_pnl_pct": 97.57533768398412,
      "max_drawdown_pct": -3.5347307197775892,
      "total_signals_generated": 1175,
      "total_signals_executed": 281,
      "rejected_signals": 894,
      "duplicate_signal_rejection_rate": 0.7608510638297873,
      "execution_rate": 0.23914893617021277,
      "cluster_event_count": 202,
      "cluster_event_avg_size": 3.628712871287129,
      "same_candle_multi_symbol_activations": 733,
      "capacity_diagnosis": "SEVERE_CAPACITY_PRESSURE"
    },
    {
      "tier_name": "TIER_100K",
      "initial_balance": 100000.0,
      "final_balance": 197557.71621220082,
      "trade_count": 281,
      "win_rate": 61.92170818505338,
      "profit_factor": 2.0845132133213222,
      "net_pnl_pct": 97.5577162122009,
      "max_drawdown_pct": -3.534730719777573,
      "total_signals_generated": 1175,
      "total_signals_executed": 281,
      "rejected_signals": 894,
      "duplicate_signal_rejection_rate": 0.7608510638297873,
      "execution_rate": 0.23914893617021277,
      "cluster_event_count": 202,
      "cluster_event_avg_size": 3.628712871287129,
      "same_candle_multi_symbol_activations": 733,
      "capacity_diagnosis": "SEVERE_CAPACITY_PRESSURE"
    },
    {
      "tier_name": "TIER_1M",
      "initial_balance": 1000000.0,
      "final_balance": 1882833.150976714,
      "trade_count": 279,
      "win_rate": 62.00716845878136,
      "profit_factor": 1.9975223799816122,
      "net_pnl_pct": 88.28331509767138,
      "max_drawdown_pct": -4.683686401683702,
      "total_signals_generated": 1175,
      "total_signals_executed": 279,
      "rejected_signals": 896,
      "duplicate_signal_rejection_rate": 0.7625531914893617,
      "execution_rate": 0.2374468085106383,
      "cluster_event_count": 202,
      "cluster_event_avg_size": 3.628712871287129,
      "same_candle_multi_symbol_activations": 733,
      "capacity_diagnosis": "SEVERE_CAPACITY_PRESSURE"
    }
  ],
  "top_5_co_activation_pairs": [
    {
      "pair": "AVAXUSDT|DOTUSDT",
      "co_activations": 45
    },
    {
      "pair": "ADAUSDT|DOGEUSDT",
      "co_activations": 42
    },
    {
      "pair": "AVAXUSDT|BTCUSDT",
      "co_activations": 42
    },
    {
      "pair": "BTCUSDT|ETHUSDT",
      "co_activations": 42
    },
    {
      "pair": "BTCUSDT|DOTUSDT",
      "co_activations": 39
    }
  ],
  "tier_count": 3
}