{
  "avg_ml_score_executed_by_tier": {
    "TIER_10K": 0.5744060963120541,
    "TIER_100K": 0.5744060963120541,
    "TIER_1M": 0.5746566322930202
  },
  "avg_ml_score_rejected_by_tier": {
    "TIER_10K": 0.4369780710772151,
    "TIER_100K": 0.4369780710772151,
    "TIER_1M": 0.4368856813892215
  },
  "ml_acceptance_rate_by_tier": {
    "TIER_10K": 0.37631887456037516,
    "TIER_100K": 0.37631887456037516,
    "TIER_1M": 0.37602820211515864
  },
  "ml_filtered_trades_by_tier": {
    "TIER_10K": 532,
    "TIER_100K": 532,
    "TIER_1M": 531
  },
  "ml_fallback_count_by_tier": {
    "TIER_10K": 0,
    "TIER_100K": 0,
    "TIER_1M": 0
  },
  "ml_inference_error_count_by_tier": {
    "TIER_10K": 0,
    "TIER_100K": 0,
    "TIER_1M": 0
  },
  "ml_score_distribution_by_tier": {
    "TIER_10K": {
      "min": 0.22190450007511606,
      "max": 0.7167733747448276,
      "mean": 0.48869483086664456,
      "std": 0.08546563718187468
    },
    "TIER_100K": {
      "min": 0.22190450007511614,
      "max": 0.7167733747448275,
      "mean": 0.48869483086664456,
      "std": 0.08546563718187468
    },
    "TIER_1M": {
      "min": 0.22190450007511614,
      "max": 0.7167733747448275,
      "mean": 0.4886914443612727,
      "std": 0.08561549892832625
    }
  }
}