{
  "avg_executed_score_by_tier": {
    "TIER_10K": 0.39181040388926053,
    "TIER_100K": 0.39181040388926053,
    "TIER_1M": 0.3938211061063597
  },
  "avg_rejected_score_by_tier": {
    "TIER_10K": 0.3826036895430895,
    "TIER_100K": 0.3826036895430895,
    "TIER_1M": 0.38682965819728826
  },
  "selection_quality_ratio_by_tier": {
    "TIER_10K": 1.0182038433259768,
    "TIER_100K": 1.0182038433259768,
    "TIER_1M": 1.01372327286619
  },
  "rejection_breakdown_by_tier": {
    "TIER_10K": {
      "rejected_locks": 272,
      "rejected_low_priority": 0,
      "rejected_locks_pct": 0.3042505592841163,
      "rejected_low_priority_pct": 0.0
    },
    "TIER_100K": {
      "rejected_locks": 272,
      "rejected_low_priority": 0,
      "rejected_locks_pct": 0.3042505592841163,
      "rejected_low_priority_pct": 0.0
    },
    "TIER_1M": {
      "rejected_locks": 267,
      "rejected_low_priority": 0,
      "rejected_locks_pct": 0.29799107142857145,
      "rejected_low_priority_pct": 0.0
    }
  }
}