{
  "avg_executed_score_by_tier": {
    "TIER_10K": 0.3908932469598318,
    "TIER_100K": 0.39120477343958254,
    "TIER_1M": 0.39449701301606754
  },
  "avg_rejected_score_by_tier": {
    "TIER_10K": 0.3825172010190846,
    "TIER_100K": 0.3827513930565553,
    "TIER_1M": 0.38533212290157887
  },
  "selection_quality_ratio_by_tier": {
    "TIER_10K": 1.0158204132250719,
    "TIER_100K": 1.0159558933322548,
    "TIER_1M": 1.0171955569014959
  },
  "rejection_breakdown_by_tier": {
    "TIER_10K": {
      "rejected_locks": 322,
      "rejected_low_priority": 0,
      "rejected_locks_pct": 0.3770491803278688,
      "rejected_low_priority_pct": 0.0
    },
    "TIER_100K": {
      "rejected_locks": 322,
      "rejected_low_priority": 0,
      "rejected_locks_pct": 0.3770491803278688,
      "rejected_low_priority_pct": 0.0
    },
    "TIER_1M": {
      "rejected_locks": 324,
      "rejected_low_priority": 0,
      "rejected_locks_pct": 0.37894736842105264,
      "rejected_low_priority_pct": 0.0
    }
  }
}