{
  "phase": "6.2_signal_ranking_and_priority_execution",
  "global_diagnosis": "SCALABILITY_BOTTLENECK",
  "average_duplicate_signal_rejection_rate": 0.44170212765957445,
  "average_selection_quality_ratio": 1.2380572652351602,
  "scaling_matrix": [
    {
      "tier_name": "TIER_10K",
      "initial_balance": 10000.0,
      "final_balance": 13775.62389054574,
      "trade_count": 562,
      "win_rate": 0.498220640569395,
      "profit_factor": 1.2360975238773078,
      "net_pnl_pct": 0.37756238905457395,
      "max_drawdown_pct": -0.06128073644391589,
      "total_signals_generated": 1175,
      "total_signals_executed": 562,
      "rejected_signals": 519,
      "rejected_locks": 241,
      "rejected_low_priority": 278,
      "rejected_locks_pct": 0.464354527938343,
      "rejected_low_priority_pct": 0.535645472061657,
      "duplicate_signal_rejection_rate": 0.44170212765957445,
      "execution_rate": 0.47829787234042553,
      "avg_executed_score": 0.4793722676646256,
      "avg_rejected_score": 0.2867776212693721,
      "avg_all_signal_score": 0.3869054577856833,
      "selection_quality_ratio": 1.238990709534426,
      "cluster_event_count": 202,
      "cluster_event_avg_size": 3.628712871287129,
      "same_candle_multi_symbol_activations": 733,
      "capacity_diagnosis": "SEVERE_CAPACITY_PRESSURE"
    },
    {
      "tier_name": "TIER_100K",
      "initial_balance": 100000.0,
      "final_balance": 137756.2389054576,
      "trade_count": 562,
      "win_rate": 0.498220640569395,
      "profit_factor": 1.2360975238773078,
      "net_pnl_pct": 0.37756238905457606,
      "max_drawdown_pct": -0.061280736443915775,
      "total_signals_generated": 1175,
      "total_signals_executed": 562,
      "rejected_signals": 519,
      "rejected_locks": 241,
      "rejected_low_priority": 278,
      "rejected_locks_pct": 0.464354527938343,
      "rejected_low_priority_pct": 0.535645472061657,
      "duplicate_signal_rejection_rate": 0.44170212765957445,
      "execution_rate": 0.47829787234042553,
      "avg_executed_score": 0.4793722676646256,
      "avg_rejected_score": 0.2867776212693721,
      "avg_all_signal_score": 0.38690545778568336,
      "selection_quality_ratio": 1.2389907095344257,
      "cluster_event_count": 202,
      "cluster_event_avg_size": 3.628712871287129,
      "same_candle_multi_symbol_activations": 733,
      "capacity_diagnosis": "SEVERE_CAPACITY_PRESSURE"
    },
    {
      "tier_name": "TIER_1M",
      "initial_balance": 1000000.0,
      "final_balance": 1317252.826747959,
      "trade_count": 562,
      "win_rate": 0.49644128113879005,
      "profit_factor": 1.1985834560368642,
      "net_pnl_pct": 0.317252826747959,
      "max_drawdown_pct": -0.06231800015786918,
      "total_signals_generated": 1175,
      "total_signals_executed": 562,
      "rejected_signals": 519,
      "rejected_locks": 238,
      "rejected_low_priority": 281,
      "rejected_locks_pct": 0.45857418111753373,
      "rejected_low_priority_pct": 0.5414258188824663,
      "duplicate_signal_rejection_rate": 0.44170212765957445,
      "execution_rate": 0.47829787234042553,
      "avg_executed_score": 0.4793109473287089,
      "avg_rejected_score": 0.2885662275222579,
      "avg_all_signal_score": 0.387732307569645,
      "selection_quality_ratio": 1.2361903766366293,
      "cluster_event_count": 202,
      "cluster_event_avg_size": 3.628712871287129,
      "same_candle_multi_symbol_activations": 733,
      "capacity_diagnosis": "SEVERE_CAPACITY_PRESSURE"
    }
  ],
  "top_5_co_activation_pairs": [
    {
      "pair": "AVAXUSDT|DOTUSDT",
      "co_activations": 45
    },
    {
      "pair": "ADAUSDT|DOGEUSDT",
      "co_activations": 42
    },
    {
      "pair": "AVAXUSDT|BTCUSDT",
      "co_activations": 42
    },
    {
      "pair": "BTCUSDT|ETHUSDT",
      "co_activations": 42
    },
    {
      "pair": "BTCUSDT|DOTUSDT",
      "co_activations": 39
    }
  ],
  "tier_count": 3
}